adpcm-lab,O0,O1,O2,O3
Average CPI,1.3888888888888888,1.4705882352941175,1.5151515151515151,1.4705882352941175
Instructions,551044,469071,475966,476500
Runtime(measured),0.0031000000000000003,0.0036000000000000003,0.005,0.0031000000000000003
Runtime(calculated),0.00033426801405975394,0.00030400043878894253,0.0003178525021949078,0.0003056830553116769
Function with fastest measured exec. time,,,,
