dfadd-lab,O0,O1,O2,O3
Average CPI,1.1235955056179776,1.2195121951219512,1.1904761904761905,1.1904761904761905
Instructions,891229,887069,882242,888228
Runtime(measured),0.0035000000000000005,0.0056,0.0052,0.004200000000000001
Runtime(calculated),0.00043993038528896674,0.00047282939632545934,0.0004589255365746824,0.00046302192021043404
Function with fastest measured exec. time,,,,
