dfadd-lab,O0,O1,O2,O3
Average CPI,1.123596,1.219512,1.190476,1.190476
Instructions,891229,887069,882242,888228
Runtime(measured),0.003500,0.005600,0.005200,0.004200
Runtime(calculated),0.000440,0.000473,0.000459,0.000463
Function,,,,
