dfsin-lab,O0,O1,O2,O3
Average CPI,1.1111111111111112,1.1627906976744187,1.1764705882352942,1.2195121951219512
Instructions,1053091,935737,872982,865661
Runtime(measured),0.0029,0.0039,0.005699999999999999,0.0053
Runtime(calculated),0.0005147330415754924,0.0004742468271334792,0.0004516574682435392,0.00046377865266841647
Function with fastest measured exec. time,,,,
