dfsin-lab,O0,O1,O2,O3
Average CPI,1.111111,1.162791,1.176471,1.219512
Instructions,1053091,935737,872982,865661
Runtime(measured),0.002900,0.003900,0.005700,0.005300
Runtime(calculated),0.000515,0.000474,0.000452,0.000464
Function,,,,
