sha-lab,O0,O1,O2,O3
Average CPI,0.8695652173913044,0.9900990099009901,0.9090909090909091,0.9433962264150942
Instructions,1658981,1015701,1030905,960325
Runtime(measured),0.003799999999999999,0.0036000000000000003,0.0049,0.0042
Runtime(calculated),0.0006296245629370629,0.0004388315098468271,0.0004097630310994306,0.00039709023215067895
Function with fastest measured exec. time,,,,
