mips-lab,O0,O1,O2,O3
Average CPI,1.818182,1.818182,1.754386,1.818182
Instructions,412839,413248,411227,412662
Runtime(measured),0.003400,0.005600,0.002000,0.005000
Runtime(calculated),0.000329,0.000362,0.000315,0.000380
Function with fastest measured exec. time,,,,
