blowfish-lab,O0,O1,O2,O3
Average CPI,0.847458,1.052632,1.123596,1.123596
Instructions,1421892,916382,902083,900173
Runtime(measured),0.003500,0.005200,0.005400,0.005700
Runtime(calculated),0.000564,0.000421,0.000443,0.000441
Function,,,,
