aes-lab,O0,O1,O2,O3
Average CPI,1.4492753623188408,1.4925373134328357,1.4705882352941175,1.4925373134328357
Instructions,519030,460581,459693,457883
Runtime(measured),0.0031,0.0052,0.004999999999999999,0.0016
Runtime(calculated),0.0003277589833479404,0.00030001974550241333,0.0002960223880597015,0.00029445004306632213
Function with fastest measured exec. time,,,,
