jpeg-lab,O0,O1,O2,O3
Average CPI,0.724638,0.735294,0.746269,0.840336
Instructions,4886159,2941714,2902746,2438334
Runtime(measured),0.003000,0.006000,0.004300,0.005300
Runtime(calculated),0.001546,0.000990,0.000948,0.000895
Function with fastest measured exec. time,,,,
