gsm-lab,O0,O1,O2,O3
Average CPI,1.7241379310344829,1.8867924528301885,1.7857142857142856,1.8867924528301885
Instructions,432128,406845,403525,401001
Runtime(measured),0.003,0.0028,0.005,0.0022000000000000006
Runtime(calculated),0.00032598769771528997,0.0003642484560570071,0.00031904743083003954,0.00033537461572244183
Function with fastest measured exec. time,,,,
