motion-lab,O0,O1,O2,O3
Average CPI,1.8518518518518516,1.8518518518518516,1.7543859649122808,1.7857142857142856
Instructions,415886,397004,403985,400830
Runtime(measured),0.0024000000000000002,0.0040999999999999995,0.0028,0.005599999999999999
Runtime(calculated),0.0003406419482229048,0.00035312881355932204,0.000311640158172232,0.00031202503293807643
Function with fastest measured exec. time,,,,
