motion-pi,O0,O1,O2,O3
Average CPI,3.392,15.281,3.615,3.632
Instructions,2215698,2452715,2228776,2245282
Runtime(measured),0.41669999999999996,0.06640000000000001,0.0781,0.07650000000000001
Runtime(calculated),1.07371e-05,5.354107571428571e-05,1.1509088571428572e-05,1.1649061428571429e-05
Function with fastest measured exec. time,,,,
