dfmul-lab,O0,O1,O2,O3
Average CPI,1.492537,1.470588,1.470588,1.408451
Instructions,625993,633416,621905,617514
Runtime(measured),0.003400,0.005500,0.005600,0.005600
Runtime(calculated),0.000409,0.000407,0.000402,0.000384
Function,,,,
