dfdiv-pi,O0,O1,O2,O3
Average CPI,3.687000,3.745000,3.619000,3.582000
Instructions,4057570,4040362,3952460,3852100
Runtime(measured),0.135400,0.147000,0.115500,0.135500
Runtime(calculated),0.021374,0.021616,0.020434,0.019711
Function,,,,
