dfdiv-lab,O0,O1,O2,O3
Average CPI,1.4705882352941175,1.4084507042253522,1.4492753623188408,1.36986301369863
Instructions,652036,640821,632685,641055
Runtime(measured),0.003,0.0036999999999999997,0.0055,0.0039
Runtime(calculated),0.0004171545534150613,0.00039343533537921965,0.0003998427507665353,0.0003843105562855891
Function with fastest measured exec. time,,,,
